uuid,position,title,salary minimum,salary maximum,type,employmentType,categories,updatedAt,newPostingDate,skills,scrape_date
004b008a9ae287ca7740075ab8e280bd,Junior Executive,Infant Educarer,2300,3000,Monthly,['Full Time'],Admin / Secretarial,2026-04-10T01:27:46,2026-04-10,"['Childcare', 'Ethics', 'Professionalism', 'Cognitive Psychology', 'Early Childhood Development', 'Interpersonal Skills', 'Early Childhood Education', 'Emotional Intelligence', 'Patience', 'Empathetic Design', 'Communication Skills', 'Adult Learning Theory', 'Observation', 'Creativity', 'Challenge Driven']",2026-04-12_10-43-40
0111ac0e45dbddb259ab8249ceae8e79,Non-executive,Maths Enrichment Teacher (Part-time),100,3000,Monthly,['Part Time'],Education and Training,2026-04-10T01:04:09,2026-04-10,"['Childcare', 'Management Skills', 'Classroom', 'Teaching', 'Classroom Management', 'Interpersonal Skills', 'Early Childhood Education', 'Tuition', 'First Aid', 'Team Player', 'Able To Work Independently']",2026-04-12_10-43-40
012f1c77f2a6ab91261c442c623d4b11,Fresh/entry level,TRAINEE PreSchool Teacher,2000,2600,Monthly,"['Permanent', 'Full Time', 'Internship/Attachment']",Education and Training,2026-04-08T01:04:27,2026-04-08,"['Childcare', 'Sponsorship', 'Classroom', 'Teaching', 'Work Well Independently', 'Classroom Management', 'Interpersonal Skills', 'Early Childhood Education', 'Language Teaching', 'Team Player', 'Able To Work Independently']",2026-04-12_10-43-40
015bf2b9cef833b6d4fa169a4941e196,Executive,Preschool English Teachers,3000,4800,Monthly,"['Permanent', 'Full Time']",Education and Training,2026-04-10T10:15:29,2026-04-10,"['Childcare', 'Psychology', 'Classroom', 'Teaching', 'Teaching Reading', 'Teaching Classes', 'Curriculum Planning', 'Classroom Management', 'Interpersonal Skills', 'Early Childhood Education', 'Photos', 'Language Teaching', 'Teaching English', 'First Aid', 'Writing', 'Accountability', 'Teaching Skills', 'Team Player', 'Facebook', 'Scheduling']",2026-04-12_10-43-40
00a4e87a8fa07745163fad12ae3192d9,Senior Executive,Clinic Nurse (Radiology),4500,5500,Monthly,"['Permanent', 'Full Time']",Environment / Health,2026-03-30T07:46:47,2026-03-30,"['Mentoring', 'AED', 'BCLS', 'Operating Room', 'Surgery', 'Breast surgery', 'Infection Control', 'Consumables', 'MRI', 'Patient Safety', 'Nursing', 'Aed Certified', 'Interventional Radiology', 'Nursing Care', 'Radiology']",2026-04-12_10-43-40
0027b53fedb073a28dd020a73a9b9da8,Fresh/entry level,R&D Engineering Assistant / Failure Analysis Technician (Lab Analysis & Testing) (Up to $3000),2400,3000,Monthly,['Full Time'],Engineering,2026-04-09T01:35:22,2026-04-09,"['Troubleshooting', 'Ground Support Equipment Failure Analysis', 'Housekeeping', '5S', 'ISO', 'Reliability', 'Surface Analysis', 'Compliance', 'Characterization', 'Engineering Support', 'Engineering Analysis', 'Manufacturing', 'Failure Analysis', 'Technical Support']",2026-04-12_10-43-40
0099fb98174cec7ebee25fe3890d7d35,Professional,Power Electronics Integration and Validation Engineer,5000,8000,Monthly,['Full Time'],Engineering,2026-04-02T20:53:12,2026-04-03,"['high level languages', 'Wiring', 'Positive Psychology', 'C Language', 'Electrical', 'Team Leadership', 'Electrical Engineering (including power engineerin', 'AutoCAD', 'collaborate with external team', 'Electrical Engineering', 'Electronics', 'Engagement', 'Rust']",2026-04-12_10-43-40
010e199e70cba1e0460bf1dcca20f9f1,Manager,Snr Nurse Clinician / Snr Nurse Managers (Various Departments),7500,10000,Monthly,['Permanent'],Healthcare / Pharmaceutical,2026-04-10T02:15:33,2026-04-10,"['Clinical Supervision', 'Leadership', 'Teaching', 'Appraisals', 'Quality Improvement', 'Nursing', 'Scheduling', 'Nursing Care', 'Staff Development', 'Incident Management']",2026-04-12_10-43-40
00df84856c94ddb66c2c42684ac97556,Professional,Early Years English Language Teacher [Mon–Fri | Flexible Hours | Multiple Locations] – EH03,3500,4500,Monthly,"['Permanent', 'Full Time']",Customer Service,2026-03-16T09:19:17,2026-03-16,"['Coaching', 'Producing', 'Academic English', 'Microsoft Office', 'Classroom', 'Multimedia', 'Lifelong Learning', 'Teaching', 'Social Media', 'Classroom Management', 'Early Childhood Education', 'Mathematics', 'Applied Linguistics', 'International Education', 'Language Teaching', 'Multilingual', 'Employee Benefits', 'Writing', 'Communication Skills', 'Office Software']",2026-04-12_10-43-40
00cafa49530c197e2a6a1b7c6d6afab3,Fresh/entry level,Full-Time Physics Teacher (1-1/2-1 Teaching) (JC 1 & JC 2 / Gr 11 – 12),3300,3800,Monthly,['Full Time'],Education and Training,2026-04-11T03:14:46,2026-04-11,"['Microsoft Office', 'Teaching', 'MOE Syllabus', 'Physics', 'Team Spirit', 'Writing', 'Communication Skills', 'Team Player', 'Oral & Written Communication Skills', 'TUTOR']",2026-04-12_10-43-40
01a8ba355631124de5387705078c45e6,Junior Executive,Laboratory Assistant (Microbiology) #HMS,2400,2700,Monthly,['Contract'],Healthcare / Pharmaceutical,2026-04-10T08:19:18,2026-04-10,"['Cell', 'Sampling', 'Laboratory Safety', 'GLP (Good Laboratory Practice)', 'Quality Control', 'Laboratory Data Analysis', 'Healthcare', 'Manufacturing Processes', 'ELISA', 'Microbiology', 'Laboratory Medicine', 'Raw Materials', 'Biotechnology', 'Laboratory Automation', 'Molecular Biology', 'Laboratory', 'Calibration']",2026-04-12_10-43-40
00c34ffcf0cf59f19f75b4b5150a7568,Non-executive,CLASS 3 MINIBUS DRIVER,2100,3000,Monthly,"['Part Time', 'Permanent', 'Full Time']",Customer Service,2026-04-10T11:49:51,2026-04-10,"['Good Driving Record', 'Administrative Work', 'Cleanliness Testing', 'Physical Fitness', 'Unloading', 'Transport Safety', 'Driving License', 'Class 3 Driving License', 'Interior Design', 'Microsoft Word']",2026-04-12_10-43-40
002465abf069830dfddcf09ad37f8f3b,Manager,Assistant Centre Manager,3500,4000,Monthly,['Full Time'],Sales / Retail,2026-04-11T06:59:27,2026-04-11,"['Customer Retention', 'Lead Generation', 'Mentoring', 'Performance Enhancement', 'Relationship Management', 'Transparency', 'Channel', 'Event Management', 'Mentorship', 'Packaging', 'Music Education', 'Revenue Growth', 'Customer Satisfaction', 'Publications', 'Customer Communication']",2026-04-12_10-43-40
00e8816b308278e81dba34205feed834,Fresh/entry level,Marketing & Outreach Executive,2800,3800,Monthly,['Full Time'],Customer Service,2026-04-10T18:42:45,2026-04-11,"['Sales', 'Product Marketing', 'high level of energy', 'Interpersonal Skills', 'Career Development', 'team performance', 'marketing assistance', 'Marketing', 'Adaptability', 'Self-confidence', 'Self Driven', 'Leadership Management', 'sales performance', 'Team Player', 'Sales Training', 'Success Driven']",2026-04-12_10-43-40
00fe5fb942ae4389c3ba05b487631940,Fresh/entry level,⚡ Love the Thrill? Join Us — Leadership Growth Associate ⚡,3000,4000,Monthly,['Full Time'],Customer Service,2026-04-09T23:51:40,2026-04-10,"['B2C Communication', 'B2C', 'Management Skills', 'Teamwork', 'Leadership', 'Highly Reliable', 'exhibition events', 'Mentor Training', 'Highly Adaptable', 'Highly Ambitious', 'Branding', 'Led teams', 'Team Lead', 'Presentation Skills', 'Team Player', 'Customer Service', 'brand events', 'Team Work', 'Led the team', 'B2C Marketing']",2026-04-12_10-43-40
0185b0a29d68ed768e3277aed5d6d5cc,Fresh/entry level,📦 Warehouse Assistant $3250,2800,3250,Monthly,"['Contract', 'Full Time']",Manufacturing,2026-04-09T12:33:26,2026-04-09,"['WMS', 'Licensing', 'Warehousing', 'receiving post', 'Housekeeping', '5S', 'Outbound Calling', 'Forklift Operation', 'Pricing for Warehouse Services and Operations', 'Warehouse Maintenance and Housekeeping', 'Labeling items', 'packing system']",2026-04-12_10-43-40
004dd2df6cbad590087f0afc405ce01f,Fresh/entry level,Math/ Abacus Teacher,2800,3500,Monthly,"['Permanent', 'Full Time']",Education and Training,2026-04-09T15:46:32,2026-04-09,"['Numeracy', 'Classroom', 'Teaching', 'Mathematics', 'Tuition', 'MS Word', 'Arithmetic', 'Communication Skills', 'Excel', 'Teaching Children', 'Working with Children']",2026-04-12_10-43-40
00e99277ab0476a5b8f09b1a66f14ecd,Fresh/entry level,🌟 We WANT YOU ! 🌟,2400,4000,Monthly,['Full Time'],Events / Promotions,2026-04-09T14:21:57,2026-04-09,"['Communication', 'managing people', 'Positive Team Player', 'Always Willing to learn', 'client campaigns', 'Accountability', 'Leading People', 'Maintaining a Positive Attitude', 'Leadership Mentoring', 'positive attitude', 'People Management', 'Connecting People', 'Hire people', 'Positive Can-do Attitude']",2026-04-12_10-43-40
015c0da70f365b5edcb951dbc8bee16c,Professional,Production Supervisor,4000,5000,Monthly,['Full Time'],Manufacturing,2026-04-10T07:56:51,2026-04-10,"['Production Management', 'Quality System', 'Production Support', 'Production Planning and Scheduling', 'CNC Turning', 'hardworking', 'Manufacturing', 'CNC Programming', 'Quality Audits', 'Management']",2026-04-12_10-43-40
00d6797d1a2779ee9c48030a90e101b0,Executive,Management Executive,3000,4500,Monthly,"['Permanent', 'Full Time']",Customer Service,2026-04-10T09:45:46,2026-04-10,"['Negotiation', 'Mentoring', 'Account Management', 'Strategic Planning', 'Microsoft Office', 'Microsoft Excel', 'Quality Management', 'Interpersonal Skills', 'Service Leadership', 'Strategy', 'Writing', 'Communication Skills', 'Administrative Support', 'Customer Service', 'Business Development', 'Able To Work Independently', 'Facilities Management', 'Hospitality']",2026-04-12_10-43-40
00fe963c19e6e3bee5e2bb2f6f0624f6,Executive,ID Administrator,2500,3800,Monthly,"['Contract', 'Full Time']",Information Technology,2026-04-10T08:20:41,2026-04-10,"['Quality Control', 'Analytical Skills', 'Inventory', 'Access Gateway', 'Access Database', 'Security Policy', 'Information Technology', 'Ticketing Systems', 'Access Control', 'Compliance', 'Project Management', 'Service Desk', 'Attention to Details', 'Communication Skills', 'user access', 'Trouble shooting', 'Able To Work Independently', 'Ability to Prioritize', 'Technical Support']",2026-04-12_10-43-40
01e76ec43456e749dcaf29d8e0aa1274,Non-executive,ManagementAssociate,2500,3500,Monthly,['Full Time'],F&B,2026-04-10T08:05:42,2026-04-10,"['Customer Retention', 'Listening Skills', 'Ingredients', 'Fine Dining', 'Attentive', 'Inventory Management', 'Public Relations', 'Accountability', 'Communication Skills', 'Customer Oriented', 'Customer Satisfaction', 'Customer Service', 'Service Excellence', 'Restaurant Operation', 'Food Service', 'Hospitality']",2026-04-12_10-43-40
00b70e9ab5a17b83e69d4e16f5e2ba39,Executive,Junior / Senior IT Executive,2500,4000,Monthly,['Full Time'],Environment / Health,2026-04-10T09:24:04,2026-04-10,"['Integration', 'Asset Management', 'IT Infrastructure Management', 'Critical Thinking', 'Software License', 'Network Operations', 'Patch Management', 'Data Security', 'PC', 'Network Infrastructure', 'Recruitment']",2026-04-12_10-43-40
00f87c6061728fdbdb338c188e636731,Executive,Front Desk Executive (Customer Service / Receptionist / Hotel Guest Relations),2300,2500,Monthly,['Full Time'],Hospitality,2026-04-11T02:27:22,2026-04-09,"['Front Office', 'Customer Service Oriented', 'Microsoft Excel', 'Receptionist Duties', 'Housekeeping', 'VIP', 'Rates', 'Office Management', 'Customer Care', 'Front Office Operations', 'Guest Satisfaction', 'Clearing', 'Cash Management', 'Hotel Design', 'Customer Service', 'Timekeeping', 'Able To Work Independently', 'Hospitality']",2026-04-12_10-43-40
00c08f2ca586a4020cb1118527da514e,Executive,International Trade & Pricing Specialist (Entry Level Welcome) [Telok Ayer | 5 days | up to $2800] - LCYL,2500,2800,Monthly,"['Permanent', 'Full Time']",Logistics / Supply Chain,2026-04-09T09:06:05,2026-04-09,"['Outlook', 'Commodities', 'Microsoft Office', 'Microsoft Excel', 'Derivatives', 'International Business', 'Logistics', 'Risk Management', 'Freight Forwarding', 'Financial Markets', 'international trade regulations', 'Supply Chain Management', 'Microsoft Word', 'Pricing']",2026-04-12_10-43-40
008f732d8949e7e532e88f0460e2da08,Professional,"VP, Private Credit (APAC)",15000,18000,Monthly,['Full Time'],Risk Management,2026-04-10T04:11:35,2026-04-10,"['Microsoft Excel', 'Securities Investment', 'Documentation', 'credit hold', 'Mezzanine', 'Litigation Consulting', 'Financial Modeling', 'Stakeholder Management', 'Deal Execution', 'Credit Risk', 'Able To Work Independently', 'Credit Analysis']",2026-04-12_10-43-40
00802e491a5d019ed08bbe637096a488,Fresh/entry level,Floor Staff,2300,2800,Monthly,['Full Time'],Customer Service,2026-04-06T10:10:08,2026-04-06,"['point-of-sale system', 'Holidays', 'Staffing Services', 'Interpersonal Skills', 'Mandarin', 'order information', 'Customer Oriented', 'F & B', 'Team Player', 'Outgoing', 'maintain safe and secure environment', 'Handle customer calls', 'Technical Support']",2026-04-12_10-43-40
00156e5c2450547549102a8a1c74f8a0,Executive,Courier Rider | Basic Up to $1.9K + VB + Overtime | Sim Ming - 0310,1900,2400,Monthly,['Full Time'],Logistics / Supply Chain,2026-04-10T02:07:55,2026-04-10,"['Order Picking', 'Listening Skills', 'Ability To Work Under Pressure', 'Dispatching', 'Administrative Work', 'Unloading', 'Market Analysis', 'Inventory Management', 'Driving License', 'Class 3 Driving License', 'Team Player', 'Personal errands']",2026-04-12_10-43-40
01933caf2d8feda264d8539cb5063b8f,Non-executive,Sales Coordinator,2000,2500,Monthly,"['Permanent', 'Full Time']",Admin / Secretarial,2026-04-10T09:55:47,2026-04-10,"['Microsoft Office', 'Sales Order Processing', 'Interpersonal Skills', 'Administration', 'Attention to Detail', 'Sales Order Management', 'Customer Management', 'Administrative Support', 'Team Player', 'Customer Service']",2026-04-12_10-43-40
00036a96bc59cbb115d4321873e81556,Executive,Admin Assistant [Pioneer | 5 days | up to $2500] - LCYL,2000,2500,Monthly,"['Permanent', 'Full Time']",Admin / Secretarial,2026-04-10T10:19:58,2026-04-10,"['Outlook', 'Cranes', 'Microsoft Excel', 'Stone', 'electronic mail', 'Managing Accounts', 'PowerPoint', 'SAP', 'Maintenance contracts', 'invoice follow up', 'Vehicle Maintenance', 'Stationery', 'Factory Systems Management', 'Computer Literacy']",2026-04-12_10-43-40
0168f15ae2c7d28f45827c8395ed4dd4,Non-executive,AEIS/WIDA English Teacher (Tutor) online or onsite,1800,4200,Monthly,"['Part Time', 'Full Time']",Education and Training,2026-04-08T02:50:22,2026-04-08,"['Team Collaboration', 'Preparation of courses', 'Records Management', 'Online Training', 'Teaching', 'MOE Syllabus', 'Mathematics', 'International Education', 'Photography', 'First Aid', 'Teacher Training', 'lesson plans', 'Test Preparation']",2026-04-12_10-43-40
00bc6a9c02c6009d8791b369468d9901,Junior Executive,Assistant Vice President - Airline Marketing APAC,12000,15000,Monthly,['Permanent'],Professional Services,2026-04-10T02:15:16,2026-04-10,"['Communication', 'Teamwork', 'Analytical thinking', 'Problem Solving', 'Aviation Industry', 'organised', 'Airline Marketing', 'Adaptability', 'Attention to Detail', 'Customer Focus']",2026-04-12_10-43-40
0135fc414207e48e184396c6df2490c5,Executive,Pet Groomer | Class C | 5 Days | Up To $3.5K + AWS + PB - 4461,2300,3500,Monthly,"['Permanent', 'Full Time']",Others,2026-04-06T09:29:48,2026-04-06,"['Dog Grooming', 'Ability To Work Under Pressure', 'Customer Interaction', 'Store Management', 'Pets', 'Property Maintenance', 'Adaptability', 'Fur cleaning', 'Dog Handling', 'Grooming, experience']",2026-04-12_10-43-40
01b84b2e65168909699a1d37e073578f,Non-executive,Assistant Manager – Procurement & Supply Chain | 3-Month Contract,2700,2800,Monthly,['Contract'],Logistics / Supply Chain,2026-04-08T04:44:16,2026-04-08,"['Outlook', 'Excellent Communication Skills', 'Procurement Project Management', 'Microsoft Excel', 'Content Creation', 'Government Agency', 'Procurement Coordination and Policy  Development', 'Procurement', 'PowerPoint', 'Microsoft Word', 'Customer Service', 'Supply Chain & Logistics', 'Government Procurement']",2026-04-12_10-43-40
015e33a8c31b7284a7f235dcf183171a,Junior Executive,[Popeyes] F&B Management Trainee,3150,3700,Monthly,"['Permanent', 'Full Time']",F&B,2026-04-06T05:22:13,2026-04-06,"['Food', 'Microsoft PowerPoint', 'F&B Management', 'Food Safety', 'Assisting the Head Chef', 'Food Industry', 'Food Preparation', 'Good Communication Skills', 'Networking', 'Food hygiene', 'Food & Beverage', 'Financial Advisory', 'Health & Safety', 'Hospitality']",2026-04-12_10-43-40
00af9667270526ae62ebcb69c5ba1986,Fresh/entry level,Sales (Personalised Mentorship Provided),4000,5000,Monthly,['Full Time'],Events / Promotions,2026-04-09T14:57:41,2026-04-09,"['Ability to Multitask', 'Sales', 'Leadership', 'Product Marketing', 'Ability To Work Independently', 'Interpersonal Skills', 'Recruiting', 'Soft Skills', 'Marketing', 'Event Management', 'Mentorship', 'Event Planning', 'Physically Fit', 'Attention to Detail', 'Communication Skills', 'Team Building', 'Presentation Skills', 'Statistics', 'Team Player', 'Sales Training']",2026-04-12_10-43-40
01506fe178f0fdfacaf1247a39005f98,Non-executive,Repair Operations Specialist (East/Contract/Up to $4000),2800,4000,Monthly,['Contract'],Admin / Secretarial,2026-04-09T09:58:07,2026-04-09,"['Multi Tasking', 'Maintenance Management', 'timely delivery', 'maintaining quality documentation', 'Compliance Management', 'ERP', 'Parts Manufacturing', 'Written Communication', 'Inventory Management', 'Inspection Engineering Management', 'Communication Skills']",2026-04-12_10-43-40
01a6d3f18a4dbbbea7f3351e1df9c576,Junior Executive,Contract Administrator (JD#10961),3000,3400,Monthly,['Contract'],Admin / Secretarial,2026-04-09T09:20:47,2026-04-09,"['Mitigation', 'supplier liaison', 'Risk Governance', 'Risk Assessment', 'Process Improvement', 'Documentation', 'Stakeholder Engagement', 'Strategic Sourcing', 'Reporting', 'Regulatory Requirements']",2026-04-12_10-43-40
0183ab7e6d7a67edbbc5df6ab15d7e8d,Executive,Marketing Executive / Senior Marketing,3000,3800,Monthly,['Full Time'],Marketing / Public Relations,2026-04-06T05:52:12,2026-04-06,"['CRM', 'Excellent Communication Skills', 'Strategic Planning', 'Excel sheets', 'Production Management', 'Data Analysis', 'optimise campaigns', 'Dynamics', 'Customer Relationship Management CRM', 'Marketing Strategy', 'Relationship Management', 'execute marketing campaigns', 'Telecommunication', 'Content Marketing', 'Excellent Written Communication Skills', 'Digital Marketing', 'Keyword Research', 'manage campaigns', 'Google Analytics', 'Insight Generation']",2026-04-12_10-43-40
0054bb8fc41aa8faec79a137c51b4223,Senior Executive,Supervisor,3000,3600,Monthly,['Full Time'],F&B,2026-04-06T02:03:13,2026-04-06,"['Management Skills', 'Leadership', 'Ingredients', 'Construction', 'Cooking', 'Housekeeping', 'Inventory', 'Sanitation', 'Soft Skills', 'Team Player', 'Customer Service', 'Scheduling', 'Culinary Skills', 'Timekeeping', 'Ability To Learn']",2026-04-12_10-43-40
0043015459479d5bef3afb43eb435ff9,Executive,Plating Engineer @Woodlands,4000,6000,Monthly,['Permanent'],Building and Construction,2026-04-10T03:52:03,2026-04-10,"['Supplier Relationship Management', 'Adhesives', 'Process Improvement', 'Continuous Improvement Management', 'Process Capability', 'Root Cause Analysis', 'Reliability', 'SPC', 'Introducing New Products', 'Process Operations Troubleshooting', 'Woodland Management', 'Process Control', 'Manufacturing']",2026-04-12_10-43-40
00a16ad21f10a270ff6cb55b1a5d9b20,Executive,"Technology Support III, Prime Finance and Clearing Production Management Support",8000,16000,Monthly,"['Permanent', 'Full Time']",Banking and Finance,2026-04-10T09:20:56,2026-04-10,"['customer mindset', 'Subject Matter Expert', 'Middle Office', 'Financial Management', 'Capacity Building', 'Identifying risks', 'Application Monitoring', 'managing end to end production', 'Information Technology', 'Computer Science', 'Risk Analysis', 'Database Administration', 'Booking Systems', 'Monitoring IT systems', 'Providing expert advice', 'Asset Based Lending', 'Stakeholder Management', 'Process Control', 'effectiveness of key controls', 'define risks']",2026-04-12_10-43-40
009fd444352e8bfb4e042c3006642df3,Middle Management,Engagement Portfolio Lead,11000,16000,Monthly,"['Permanent', 'Full Time']",Information Technology,2026-04-10T09:43:45,2026-04-10,"['project reporting requirements', 'Conflict Resolution', 'Implementing Budgets', 'Program Management', 'Profit Improvement', 'Project Delivery Management', 'Solution Architecture', 'Revenue Growth', 'Services Bid', 'Decision Making', 'Senior Stakeholder Management']",2026-04-12_10-43-40
00f402072f13dfcda4e0347b23d875da,Manager,"Engineering Lead, Technical Support",11000,20000,Monthly,['Full Time'],Engineering,2026-04-10T06:35:08,2026-04-10,"['e-commerce expertise', 'Splunk', 'implementing monitoring tools', 'Go', 'Payment Processing', 'Mandarin', 'Asian Studies', 'Python', 'System Administration', 'Finance Industry', 'Firewall Management']",2026-04-12_10-43-40
0073dc5c7131ea6c6a41af158745d91d,Junior Executive,Admin & Account Executive - Tuas / 5 days [2683],2900,3300,Monthly,['Full Time'],Accounting / Auditing / Taxation,2026-04-07T08:48:10,2026-04-07,"['sales transactions', 'Accounts Payable', 'Microsoft Office', 'Advertising', 'Interpersonal Skills', 'Tax', 'petty cash handling', 'material cost reduction', 'Sales Ledger', 'Auditing', 'Accounting System', 'Accounts Receivable', 'Accounting', 'Finance']",2026-04-12_10-43-40
013b416c70ec0e9737deac02f2fd8d68,Executive,DIGITAL MARKETING EXECUTIVE,3000,3500,Monthly,"['Permanent', 'Full Time']",Events / Promotions,2026-04-07T06:58:49,2026-04-07,"['Lead Generation', 'Social Media', 'Email Marketing', 'Adobe Creative Suite', 'Canva', 'Content Marketing', 'YouTube', 'Digital Marketing', 'Organic Search', 'Keyword Research', 'Facebook', 'Google Analytics', 'SEO', 'Creative Thinking', 'PPC', 'LinkedIn', 'Graphic Design']",2026-04-12_10-43-40
00d8385478f9fec73a958bddbb47af83,Junior Executive,Sales & Marketing Executive,2500,4000,Monthly,['Full Time'],Sales / Retail,2026-04-07T03:09:06,2026-04-07,"['Market Research', 'Ability to Multitask', 'Microsoft Office', 'Advertising', 'Social Media', 'Marketing Strategy', 'Customer Relationships', 'Career Development', 'Marketing', 'Digital Marketing', 'Driving License', 'Communication Skills', 'Film', 'Copywriting', 'Customer Satisfaction', 'Facebook']",2026-04-12_10-43-40
01ba5bb475de8628e1d263ae22ce70ee,Junior Executive,Project / IT Engineer,2500,4000,Monthly,['Full Time'],Customer Service,2026-04-07T03:37:53,2026-04-07,"['Access Points', 'VMS', 'technical specifications', 'CCTV', 'Security Surveillance Management', 'Network Architecture', 'Network Infrastructure', 'Recording', 'Project Engineering', 'Software Layout']",2026-04-12_10-43-40
003d3b7be2095de697c1411b2c5e8446,Senior Executive,Technical Solutions Specialist (Cross Platform),5000,7000,Monthly,"['Permanent', 'Full Time']",Information Technology,2026-04-11T02:02:17,2026-04-11,"['Negotiation', 'Forecasting', 'Technical Specialists', 'Sales Support', 'Microsoft Excel', 'Vendor Development', 'Channel Partners', 'Interpersonal Skills', 'Channel', 'Selling', 'Marketing', 'Strategy', 'B2B', 'Networking', 'IT Solutions', 'Communication Skills', 'Business Development', 'Pricing', 'Professional Services', 'Pitching Ideas']",2026-04-12_10-43-40
0134b1b653d03fab0292f42ed262429b,Executive,Admin Assistant (Warehouse) - SS10,2000,2500,Monthly,"['Permanent', 'Full Time']",Admin / Secretarial,2026-04-06T08:49:27,2026-04-06,"['work tracking', 'Resume Writing', 'Regulatory Compliance', 'Warehouse Management', 'Administrative Work', 'Data Entry', 'Contract Management System', 'Administrative Support', 'compliance documentation', 'management of disputes', 'Able To Work Independently', 'ERP Software']",2026-04-12_10-43-40
013cea2660676a577a902a0daabdaf27,Fresh/entry level,Business Development  (Entry-level),3000,4800,Monthly,"['Part Time', 'Full Time']",Customer Service,2026-04-11T12:37:43,2026-04-11,"['Sales', 'Leadership', 'Interpersonal Skills', 'B2B Marketing', 'Career Development', 'Leadership Development', 'Marketing', 'Strategy', 'B2B Sales', 'Adaptability', 'Career Coaching', 'Communication Skills', 'Team Player', 'Customer Service', 'Business Development', 'B2C Marketing']",2026-04-12_10-43-40
0147f5c6713c88ec80d3ff0b7b23dadd,Professional,Field Applications Engineer,3500,5000,Monthly,"['Permanent', 'Full Time']",Engineering,2026-04-10T03:41:28,2026-04-10,"['Test applications', 'MEMS', 'Electro-mechanical', 'Customer Support', 'customer needs', 'Solidworks', 'Root Cause Analysis', 'customer minded', 'Electrical', 'Mechanical Testing', 'test programs', 'MS Office', 'Mechanical', 'Mechanical component', 'AutoCAD', 'Customer Service', 'Debugging', 'Electrical Engineering', 'Electronics']",2026-04-12_10-43-40
01b2f5a79b5ed55a68b561f370a09a32,Junior Executive,Quantity Surveyor cum Drafter,3500,5500,Monthly,['Full Time'],Building and Construction,2026-04-10T01:48:37,2026-04-10,"['Microsoft Office', 'Construction', 'Written English', 'Administrative Work', 'Quantity Surveying', 'Cost Planning', 'AutoCAD', 'Civil Engineering', 'Estimating', 'Able To Work Independently']",2026-04-12_10-43-40
00ba24587f6b2100d7339909a15d0a55,Non-executive,Temp Admin (ASAP - End August) | Ubi,2000,2200,Monthly,['Temporary'],Admin / Secretarial,2026-04-07T09:35:34,2026-04-07,"['Certifications', 'Microsoft Excel', 'Pivot Tables', 'Secondary Education', 'Direct experience', 'Payroll', 'Data Entry', 'Administrative Support', 'procedures supervision', 'Vlookup', 'Able To Work Independently', 'Training Delivery']",2026-04-12_10-43-40
0099326f9e2b3677f740b60a7f3822f1,Junior Executive,Export Sales Coordinator #80732,2800,3000,Monthly,"['Permanent', 'Full Time']",Admin / Secretarial,2026-04-08T03:01:51,2026-04-08,"['timely delivery', 'Marine Insurance', 'Payment Processing', 'Invoicing', 'Freight Forwarding', 'warranty claims', 'LCS', 'Order Processing', 'Export Management', 'Customs Procedures', 'Liaising with logistics departments']",2026-04-12_10-43-40
008be4bdbe8408f9b8822bd4a2905b0e,Non-executive,Chef De Partie,3000,3600,Monthly,['Full Time'],F&B,2026-04-08T06:58:34,2026-04-08,"['Recipes', 'Multi Tasking', 'Culinary Management', 'Food Safety', 'Hygiene', 'Food Hygiene standards', 'Cooking', 'Assisting the Head Chef', 'Food and Beverage Safety, Hygiene and Security', 'Food Quality', 'Food and Beverage Safety and Hygiene', 'Serving dishes', 'serving the menu', 'Food Production Management', 'Food hygiene', 'monitoring of temperature', 'Fault Reporting', 'Team Player', 'Food Processing', 'Kitchen Management']",2026-04-12_10-43-40
01dd3c8135b6c55af947478308e676cb,Senior Executive,Applications Programmer,6000,12000,Monthly,['Full Time'],Consulting,2026-04-06T10:01:51,2026-04-06,"['SAP PI/XI', 'developing interfaces', '3rd party integration', 'Web Services', 'XML', 'OData', 'Root Cause Analysis', 'SDLC', 'ABAP development', 'System Migration', 'SAP HANA', 'IDOC', 'WebDynpro', 'SAP migration', 'SAP ABAP BAPI', 'Java', 'SAP Fiori', 'ECC', 'Software Development', 'Business Requirements']",2026-04-12_10-43-40
0061f596027438dd7a5494fb713896d4,Fresh/entry level,Warehouse Picker,1700,2000,Monthly,['Full Time'],Logistics / Supply Chain,2026-04-10T03:22:40,2026-04-10,"['Numeracy', 'Warehousing', 'Microsoft Office', 'Microsoft Excel', 'Warehouse Management', 'Secondary Education', 'Housekeeping', 'Inventory', 'Supply Chain', 'Unloading', 'Data Entry', 'Physically Fit', 'Microsoft Word', 'Shipping']",2026-04-12_10-43-40
01af941c422f5153e0a5369a6ad3ad29,Non-executive,Officer – Grant Applications (Enterprise Compute Initiative),2600,3100,Monthly,['Contract'],Admin / Secretarial,2026-04-02T05:00:06,2026-04-02,"['Analytical Approach', 'Microsoft Office', 'Collaborative', 'Grant Management', 'Advanced Microsoft Excel', 'consulting services', 'Client Liaison', 'Application Management', 'Time Management', 'Stakeholder Management', 'Processing grant applications', 'Oral & Written Communication Skills', 'Able To Work Independently']",2026-04-12_10-43-40
011fc7953e0efb90de25ebde5d5c1e30,Fresh/entry level,3 Months - 1 Year Contract Call Centre Officer ( Shift Work 5 DAYS ) HOUGANG UP 2.8K #HYT,1900,2800,Monthly,['Contract'],Admin / Secretarial,2026-04-08T01:40:57,2026-04-08,"['Customer Service Skills', 'CRM', 'Customer Service Oriented', 'Virtual Assistant', 'Wiring', 'Dispute', 'Interpersonal Skills', 'Administration', 'Voice Services', 'Service Desk', 'Mobile Devices', 'Team Player', 'Customer Service', 'Case Management', 'Call Center']",2026-04-12_10-43-40
01de1109ef7e2d917f02a7d257069c41,Fresh/entry level,Warehouse Assistant,1800,2300,Monthly,['Part Time'],Logistics / Supply Chain,2026-04-08T02:06:38,2026-04-08,"['Warehousing', 'Microsoft Excel', 'Warehouse Management', 'Housekeeping', 'Unloading', 'Inventory Management', 'Attention to Detail', 'Communication Skills', 'Team Player', 'Warehouse Administration']",2026-04-12_10-43-40
01bba19cef65189717b9ace83d2f38e6,Non-executive,Cook,2200,2600,Monthly,['Permanent'],F&B,2026-04-08T02:57:56,2026-04-08,"['Ingredients', 'Verbal Communication', 'Food Safety', 'Kitchen', 'Cooking', 'Interpersonal Skills', 'Food Quality', 'Sanitation', 'Inventory Management', 'Team Player', 'Food Processing', 'Monitor order supplies', 'Grilling']",2026-04-12_10-43-40
0049a0809aaad03d7906edaf453895a6,Fresh/entry level,Entry Level ✨ Sales Executive!,3500,4800,Monthly,"['Part Time', 'Full Time']",Advertising / Media,2026-04-09T02:33:18,2026-04-09,"['Negotiation', 'Sales', 'Referrals', 'Microsoft Excel', 'Interpersonal Skills', 'Business Acumen', 'Selling', 'Marketing', 'Sales Process', 'Written Communication', 'Solution Focused', 'Attention to Detail', 'Time Management', 'Team Player', 'Thinking Outside the Box', 'Customer Service', 'Captivate', 'Business Development', 'Personal Development', 'Brand Awareness']",2026-04-12_10-43-40
012b93106a2c49f0c1570ba32836d0b7,Executive,IT Software Specialist - CRM,4500,5000,Monthly,['Full Time'],Information Technology,2026-04-10T04:53:33,2026-04-10,"['CRM', 'MVC', 'Classroom', 'Work Well Independently', 'Ability To Work Independently', 'Dynamics', 'Interpersonal Skills', 'System Testing', 'Project Management', 'Freight', 'Accessibility', 'Software Development', 'jQuery', 'Business Requirements', 'Magento']",2026-04-12_10-43-40
01c8e19db9e2d841146760c0b1e9f125,Executive,Manufacturing Engineer (Mechanical | Semicon & Electronics),4500,5300,Monthly,"['Permanent', 'Full Time']",Engineering,2026-04-10T07:53:45,2026-04-10,"['PDCA', 'SMED', 'Sustainability', 'Leadership', 'Operational Excellence', 'FMEA', 'Quality Management', 'Productivity Improvement', 'Manufacturing Operations', 'SPC', 'TPM', 'Six Sigma', 'Mechanical Engineering']",2026-04-12_10-43-40
00f29a952317f2b28d8c26110da06090,Fresh/entry level,SALES AMBASSADOR WANTED!!,2800,5000,Monthly,['Full Time'],Customer Service,2026-04-10T01:44:07,2026-04-10,"['Coaching', 'Management Skills', 'Sales', 'Leadership', 'Interpersonal Skills', 'Problem Solving', 'Administration', 'Marketing', 'Strategy', 'Events', 'Compliance', 'Project Management', 'Communication Skills', 'Presentation Skills', 'Team Leader', 'Consulting', 'Team Player', 'Human Resources', 'Customer Service', 'manage events']",2026-04-12_10-43-40
01199b96a318f139efe560a875158418,Non-executive,🗣️ APPLY TODAY: Warehouse Crew @ West Side | Slots Filling Fast (HAQ),1500,2000,Monthly,['Contract'],General Work,2026-04-09T07:34:47,2026-04-09,"['Order Picking', 'general warehouse work', 'Warehousing', 'Quality Control', 'Warehouse Management', 'Housekeeping', 'Workplace Safety', 'Unloading', 'Logistics Management', 'Inventory Management', 'Attention to Detail', 'Labeling items', 'People Management']",2026-04-12_10-43-40
01c847089ae0e4fe99df2b67e78c3eb8,Fresh/entry level,✈️ Business Development and Sales,3000,5000,Monthly,"['Permanent', 'Full Time']",Sales / Retail,2026-04-10T11:00:54,2026-04-10,"['Market Research', 'Sales', 'Leadership', 'Microsoft Office', 'Microsoft Excel', 'Advertising', 'Social Media', 'Marketing Strategy', 'Marketing', 'Strategy', 'Mentorship', 'Digital Marketing', 'Writing', 'Team Player', 'Facebook', 'SEO', 'Adobe Photoshop']",2026-04-12_10-43-40
0084a152a5a3568b1c5391c30e40d669,Senior Executive,"Corporate Service, Assistant Manager",4000,4500,Monthly,"['Permanent', 'Full Time']",Accounting / Auditing / Taxation,2026-04-07T09:25:24,2026-04-07,"['Negotiation', 'Accounts Payable', 'Troubleshooting', 'Operation', 'finance reports', 'Accounts Receivable', 'Vendor Management', 'Payroll & HR', 'Computer system maintenance', 'Communication Skills', 'Budgeting', 'Presentation', 'Human Resources', 'Sourcing', 'Training Coordination']",2026-04-12_10-43-40
01e698b3dce1c6ba4b260e1c832031d3,Executive,Social Worker (JSS-OR),4000,5000,Monthly,['Full Time'],Social Services,2026-04-07T03:28:31,2026-04-07,"['Mentoring', 'Report Writing', 'Community Outreach', 'Referrals', 'Risk Assessment', 'Interpersonal Skills', 'Social Services', 'Investigation', 'Interventions', 'Communication Skills', 'Team Player', 'Case Management', 'Writing Skills', 'Able To Work Independently']",2026-04-12_10-43-40
01078a96319a325a250111d3ae45558b,Manager,Assistant Sales Manager,4000,5000,Monthly,['Permanent'],Admin / Secretarial,2026-04-07T00:34:43,2026-04-07,"['Negotiation', 'Metal Fabrication', 'Forecasting', 'Leadership', 'Microsoft Office', 'Microsoft Excel', 'Analytical Skills', 'Class 3a Driving License', 'exceed sales quota', 'Interpersonal Skills', 'metal manufacturing', 'support sales managers', 'Customer Relationship Management (CRM)', 'Business Development', 'Able To Work Independently', 'Building High Performance Sales Teams']",2026-04-12_10-43-40
008bd1cdcbff0dc2a303035ecd422df6,Junior Executive,Traffic Controller (Logistics),2500,3500,Monthly,"['Permanent', 'Full Time']",Admin / Secretarial,2026-04-05T04:43:01,2026-04-05,"['Ability to Multitask', 'Dependable Team Player', 'Microsoft Office', 'Microsoft Excel', 'Interpersonal Skills', 'Good Interpersonal Communication Skills', 'Problem Solving', 'Stress Management', 'Transportation', 'Attention to Details', 'Time Management skills', 'Traffic Management', 'coordination skills', 'Teamwork Skills', 'Scheduling', 'Meeting Deadlines', 'work within deadlines', 'Able To Work Independently', 'Production follow up', 'Customer Service Experience']",2026-04-12_10-43-40
00ab687aaaf3190718a3deb317bd7cb4,Manager,Outlet Operations Manager | Up to $6K + Bonus | Entertainment / F&B,4000,6000,Monthly,"['Permanent', 'Full Time']",Customer Service,2026-04-09T05:46:29,2026-04-09,"['Operational Efficiency', 'service standards', 'Manpower Planning', 'Operations Management', 'Results Oriented', 'shifts schedules', 'Business Improvement', 'Profitability', 'Analytical and Problem-Solving Skills', 'Hospitality']",2026-04-12_10-43-40
002d694615de52666d3bcedef48cabc9,Junior Executive,6723 - Legal Counsel – Property & Conveyancing (Real Estate | $5.5K–$7.8K | SG Bar Certified),5500,7800,Monthly,['Permanent'],Others,2026-04-07T03:23:48,2026-04-07,"['Legal Documents', 'Litigation', 'legal profession', 'Property Law', 'Law', 'Intellectual Property', 'Legal Advice', 'Conveyancing', 'QHSE', 'financial issues', 'Legal Issues']",2026-04-12_10-43-40
0016d1aedb7ca58be98793d9f20aa992,Manager,QS Manager (A1 Main-Contractor),7000,12000,Monthly,"['Permanent', 'Full Time']",Architecture / Interior Design,2026-04-11T08:26:58,2026-04-11,"['Negotiation', 'Microsoft Office', 'Construction Management', 'Microsoft Excel', 'Construction', 'Valuation', 'Quantity Surveying', 'Value Engineering', 'Risk Management', 'Administration', 'Estimates', 'Procurement', 'Team Player', 'Microsoft Word', 'Civil Engineering', 'Cash Flow', 'Tendering', 'Pricing', 'Sourcing', 'Cost Control']",2026-04-12_10-43-40
01b1386addc5d0d7446dc540759c15ae,Senior Executive,Full Stack Developer,6500,10000,Monthly,['Full Time'],Information Technology,2026-04-11T01:49:08,2026-04-11,"['Container', 'Design', 'Architectural Patterns', 'CSS', 'Scalability', '.NET', 'Node.js', 'AWS', 'TypeScript', 'REST APIs development', 'Software Engineering', 'JavaScript', 'Full Stack Development', 'System Design', 'Python', 'Scalable Web Applications', 'Java', 'System Architecture', 'React.js', 'Software Development']",2026-04-12_10-43-40
01dd24f4d65c53ec51aa3119fb689c75,Non-executive,Assembly Technician,2300,2500,Monthly,['Full Time'],Engineering,2026-03-31T04:43:13,2026-03-31,"['MES', 'Troubleshooting', 'Wiring', 'Housekeeping', 'Workplace Safety', 'Job Descriptions', '5S', 'Electrical', 'Routing', 'MS Office', 'SAP', 'Driving License', 'Assembly', 'Manufacturing', 'Electrical Engineering', 'Electronics', 'Commissioning', 'Mechanical Engineering', 'Calibration', 'Technical Support']",2026-04-12_10-43-40
007479e12afb11c36979d59765e25e4b,Professional,Senior Hairstylist cum shop manager,4000,5000,Monthly,['Full Time'],Personal Care / Beauty,2026-04-08T01:35:26,2026-04-08,"['Weddings', 'Lead Management', 'Liaise with design team', 'Dance', 'washing hair', 'Retail Management', 'Special Effects Makeup', 'fashion events', 'Dyeing', 'Client Rapport', 'Client Management', 'Keratin Treatment', 'mentors team members', 'Facilitation']",2026-04-12_10-43-40
00800c2e74cb3adaa5aee69b5c5357a0,Junior Executive,Management Executive,3150,4000,Monthly,['Permanent'],F&B,2026-03-29T05:07:52,2026-03-29,"['Customer Retention', 'Upselling', 'Leadership', 'Food Safety', 'Customer Experience', 'Interpersonal Skills', 'Inventory', 'Inventory Control', 'Customerfocused', 'Compliance', 'Communication Skills', 'Office Software', 'Customer Satisfaction', 'Customer Service', 'Scheduling']",2026-04-12_10-43-40
017defa9c67748817afe311608c161e1,Fresh/entry level,Hand Packer,1600,1800,Monthly,"['Permanent', 'Full Time']",Logistics / Supply Chain,2026-04-06T08:04:41,2026-04-06,"['Factory', 'Labels', 'Outsourcing', 'Housekeeping', 'Inventory', 'Arranging', 'Unloading', 'Channel', 'Physically Fit', 'Transportation', 'Packaging', 'Consulting', 'Microsoft Word', 'Customer Service', 'Manufacturing', 'Shipping']",2026-04-12_10-43-40
0063f41d072c6f16cce98b5503b30b80,Executive,QA Engineer (Manual) - open to fresh graduate,3500,5000,Monthly,"['Permanent', 'Full Time']",Information Technology,2026-04-06T02:50:29,2026-04-06,"['Requirement Specifications', 'Manual Testing', 'Quality Control', 'designed', 'System Requirements', 'Scrum', 'development process', 'SQL', 'meet with clients', 'Debugging', 'QA Testing', 'Testing', 'Test Planning', 'Conducting']",2026-04-12_10-43-40
012cdd52432c4cf95c28b9ad6eb119d2,Executive,M&E Executive,3500,5500,Monthly,['Full Time'],Real Estate / Property Management,2026-03-30T02:33:13,2026-03-30,"['Microsoft PowerPoint', 'Preventive Maintenance', 'Microsoft Office', 'Microsoft Excel', 'leading technical teams', 'Electrical', 'Building Services', 'Administration', 'Preventive Maintenance Management', 'technical trouble shooting', 'fire safety training', 'M&E', 'Able To Work Independently']",2026-04-12_10-43-40
00a8a622912f87c5adcceff653cef080,Junior Executive,Regional Sales Executive (Marine),3600,4500,Monthly,['Permanent'],Logistics / Supply Chain,2026-04-02T10:23:59,2026-04-02,"['Multi Tasking', 'Long-term Customer Relationships', 'Aftersales', 'developing client accounts', 'Regional Sales', 'Growth Management', 'Selling', 'B2B', 'Executive Sales Recruitment', 'Marine Industry']",2026-04-12_10-43-40
00662a941b14e3edcbbccdf86cca9f4c,Non-executive,Jr Sous Chef,3500,4500,Monthly,['Full Time'],F&B,2026-04-08T06:39:23,2026-04-08,"['Mentoring', 'Ingredients', 'Food Safety', 'Cooking', 'Business Continuity', 'Systems Thinking', 'Italian', 'Inventory', 'Critical Thinking', 'Team Spirit', 'Service Challenges', 'Dispute Resolution', 'Pressure', 'Incentive Programs', 'Project Administration', 'Italian Cuisine']",2026-04-12_10-43-40
001c32931b297f82804814b4ded78625,Middle Management,Drafter,3500,5500,Monthly,['Full Time'],Building and Construction,2026-04-08T04:27:37,2026-04-08,"['Coordination', 'BIM', 'Schematic Design', 'Shop Drawing', 'Software', 'Engineering Drawing and Design Specification', 'Architectural Drafting', 'AutoCAD', 'monitoring visits', 'producing documentation', 'Site Assessment and Analysis']",2026-04-12_10-43-40
00eb8fee5677aa3b7a85a7d74decd4ff,Senior Executive,Senior Maintenance Technician,3000,3500,Monthly,"['Permanent', 'Full Time']",Building and Construction,2026-03-26T09:41:14,2026-03-26,"['Maintenance Management', 'Housekeeping', 'Building Maintenance', 'Building Services', 'Facilities & Maintenance', 'Inventory Management', 'Equipment Maintenance', 'Carpentry', 'Emergency Response Management', 'Refurbishing', 'Manufacturing', 'Electrical Engineering']",2026-04-12_10-43-40
010c2d5a8bb740df04fb803f41ded781,Professional,ASSISTANT COOK,3200,6000,Monthly,['Full Time'],F&B,2026-04-06T07:04:00,2026-04-06,"['Food Safety', 'Restaurants', 'Hygiene', 'Cooking', 'safety and hygiene', 'Food Quality', 'Restaurant Management', 'Food hygiene', 'Time Management', 'Time Management skills', 'personal hygiene', 'Food Service']",2026-04-12_10-43-40
01addcd976b26179ef5a4fc225bc191c,Professional,English Language Tuition Teacher  (  PSLE/O-Level/Creative Writing ) - YZ11,3000,4000,Monthly,"['Permanent', 'Full Time']",Customer Service,2026-04-07T08:08:14,2026-04-07,"['Creative Writing', 'Academic English', 'Classroom', 'TESOL', 'Teaching', 'MOE Syllabus', 'Composition', 'Mathematics', 'Tuition', 'International Education', 'Language Teaching', 'Multilingual', 'Employee Benefits', 'Teaching English', 'Writing', 'Teaching Experience']",2026-04-12_10-43-40
01254e477e7da587fb53148512e30cd7,Executive,Marketing Executive (Singapore),2000,3500,Monthly,['Permanent'],Marketing / Public Relations,2026-03-31T03:10:11,2026-03-31,"['Market Research', 'Lead Generation', 'Lifestyle', 'Microsoft Office', 'Advertising', 'Social Media', 'Canva', 'Marketing', 'Content Marketing', 'Digital Marketing', 'Adobe Illustrator', 'Beauty Industry', 'Able To Work Independently', 'Adobe Photoshop']",2026-04-12_10-43-40
0176b7939e23feffcc7358becdbf9255,Junior Executive,Sous Chef,3500,4350,Monthly,"['Permanent', 'Full Time']",F&B,2026-04-07T01:28:29,2026-04-07,"['Recipes', 'Leadership', 'Ingredients', 'Quality Control', 'Food Safety', 'Cooking', 'Food Quality', 'Inventory', 'Purchasing', 'Sanitation', 'Raw Materials', 'Time Management', 'HACCP', 'Requisition', 'Audit', 'Customer Relations']",2026-04-12_10-43-40
0096b4bbe016651855691af07e274a7a,Executive,Procurement Executive,3500,5500,Monthly,"['Permanent', 'Full Time']",Admin / Secretarial,2026-04-07T02:27:25,2026-04-07,"['Negotiation', 'Multi Tasking', 'Supplier Performance', 'Construction', 'Ability To Work Independently', 'Interpersonal Skills', 'Supply Chain', 'Procurement', 'Global Sourcing', 'Strategic Sourcing', 'Commissioning']",2026-04-12_10-43-40
000b64603d95535f14e6a714177340ba,Fresh/entry level,Marketing & Sales Support Intern (Logistics / Freight Forwarding),800,1000,Monthly,"['Contract', 'Full Time']",Telecommunications,2026-04-09T07:34:38,2026-04-09,"['Multi Tasking', 'Microsoft Excel', 'Detail Oriented', 'building contacts', 'Email Marketing', 'Customer Relationship Management (CRM)', 'Data Collection', 'Communication Skills', 'responding to customer inquiries', 'Google Sheets']",2026-04-12_10-43-40
00706d5237ff4897015d703982b9bbf7,Non-executive,Store Assistant #82423,1800,2000,Monthly,"['Permanent', 'Full Time']",General Work,2026-04-08T09:10:06,2026-04-08,"['Cleaning', 'Discipline', 'Inventory Management Software', 'Microsoft Excel', 'Housekeeping', 'Stock Management', 'Store Management', 'Invoices Management', 'Inventory Management', 'Microsoft Word']",2026-04-12_10-43-40
0176744454cf513e2795f6d62aafe2ea,Non-executive,Secretary - Conveyancing,2500,4500,Monthly,['Full Time'],Admin / Secretarial,2026-04-09T07:12:50,2026-04-09,"['Microsoft 365', 'Legal Documents', 'Interpersonal Skills', 'Secretarial support', 'Time Management', 'Administrative Support', 'Team Player', 'Real Estate', 'Oral & Written Communication Skills', 'Able To Work Independently', 'Positive Can-do Attitude']",2026-04-12_10-43-40
0154221703f39e29526facf59cbea617,Executive,Admin Executive (Quality Assurance Team),3000,4500,Monthly,"['Permanent', 'Full Time']",Admin / Secretarial,2026-04-01T08:21:10,2026-04-01,"['CRM', 'Food Safety', 'Quality Management', 'Telemarketing', 'Quality Assurance', 'Recruiting', 'ISO', 'Reliability', 'Biotechnology', 'Compliance', 'Attention to Detail', 'Audits', 'Team Lead', 'HACCP', 'Customer Service', 'Audit']",2026-04-12_10-43-40
00983dd2c106e9884bae3879d7acf456,Non-executive,RESTAURANT HOSTESS x100 @ CENTRAL REGION | $2.5K & UP | ROTATIONAL SHIFT,2500,3100,Monthly,['Full Time'],F&B,2026-04-07T10:50:21,2026-04-07,"['Customer Service Oriented', 'Restaurants', 'Customer Experience', 'Interpersonal Skills', 'Customer Care', 'Fine Dining', 'Communication Skills', 'Customer Satisfaction', 'Customer Service', 'Service Excellence', 'Hospitality']",2026-04-12_10-43-40
